rate_date,currency,usd_rate,source_system
2026-01-01,USD,1.000000,market_feed
2026-01-01,EUR,1.096291,market_feed
2026-01-01,GBP,1.252031,market_feed
2026-01-01,CAD,0.753519,market_feed
2026-01-01,INR,0.023474,market_feed
2026-01-02,USD,1.000000,market_feed
2026-01-02,EUR,1.080897,market_feed
2026-01-02,GBP,1.257006,market_feed
2026-01-02,CAD,0.757117,market_feed
2026-01-02,INR,0.024936,market_feed
2026-01-03,USD,1.000000,market_feed
2026-01-03,EUR,1.098124,market_feed
2026-01-03,GBP,1.253725,market_feed
2026-01-03,CAD,0.722894,market_feed
2026-01-03,INR,0.013877,market_feed
2026-01-04,USD,1.000000,market_feed
2026-01-04,EUR,1.088394,market_feed
2026-01-04,GBP,1.267797,market_feed
2026-01-04,CAD,0.753905,market_feed
2026-01-04,INR,0.023280,market_feed
2026-01-05,USD,1.000000,market_feed
2026-01-05,EUR,1.075056,market_feed
2026-01-05,GBP,1.256036,market_feed
2026-01-05,CAD,0.746584,market_feed
2026-01-05,INR,0.025927,market_feed
2026-01-06,USD,1.000000,market_feed
2026-01-06,EUR,1.094401,market_feed
2026-01-06,GBP,1.251754,market_feed
2026-01-06,CAD,0.722063,market_feed
2026-01-06,INR,0.031698,market_feed
2026-01-07,USD,1.000000,market_feed
2026-01-07,EUR,1.069619,market_feed
2026-01-07,GBP,1.258482,market_feed
2026-01-07,CAD,0.742020,market_feed
2026-01-07,INR,0.016710,market_feed
2026-01-08,USD,1.000000,market_feed
2026-01-08,EUR,1.095174,market_feed
2026-01-08,GBP,1.265681,market_feed
2026-01-08,CAD,0.748608,market_feed
2026-01-08,INR,0.004656,market_feed
2026-01-09,USD,1.000000,market_feed
2026-01-09,EUR,1.077077,market_feed
2026-01-09,GBP,1.267535,market_feed
2026-01-09,CAD,0.749301,market_feed
2026-01-09,INR,0.027598,market_feed
2026-01-10,USD,1.000000,market_feed
2026-01-10,EUR,1.067358,market_feed
2026-01-10,GBP,1.283271,market_feed
2026-01-10,CAD,0.728066,market_feed
2026-01-10,INR,0.017911,market_feed
2026-01-11,USD,1.000000,market_feed
2026-01-11,EUR,1.068965,market_feed
2026-01-11,GBP,1.254590,market_feed
2026-01-11,CAD,0.749210,market_feed
2026-01-11,INR,-0.005367,market_feed
2026-01-12,USD,1.000000,market_feed
2026-01-12,EUR,1.092476,market_feed
2026-01-12,GBP,1.275481,market_feed
2026-01-12,CAD,0.755197,market_feed
2026-01-12,INR,0.031193,market_feed
2026-01-13,USD,1.000000,market_feed
2026-01-13,EUR,1.087461,market_feed
2026-01-13,GBP,1.273776,market_feed
2026-01-13,CAD,0.739836,market_feed
2026-01-13,INR,0.018781,market_feed
2026-01-14,USD,1.000000,market_feed
2026-01-14,EUR,1.077440,market_feed
2026-01-14,GBP,1.261289,market_feed
2026-01-14,CAD,0.750499,market_feed
2026-01-14,INR,0.019843,market_feed
2026-01-15,USD,1.000000,market_feed
2026-01-15,EUR,1.068312,market_feed
2026-01-15,GBP,1.257532,market_feed
2026-01-15,CAD,0.730576,market_feed
2026-01-15,INR,-0.002314,market_feed
2026-01-16,USD,1.000000,market_feed
2026-01-16,EUR,1.093385,market_feed
2026-01-16,GBP,1.257146,market_feed
2026-01-16,CAD,0.755837,market_feed
2026-01-16,INR,0.029976,market_feed
2026-01-17,USD,1.000000,market_feed
2026-01-17,EUR,1.075807,market_feed
2026-01-17,GBP,1.263743,market_feed
2026-01-17,CAD,0.753651,market_feed
2026-01-17,INR,0.027820,market_feed
2026-01-18,USD,1.000000,market_feed
2026-01-18,EUR,1.096282,market_feed
2026-01-18,GBP,1.259500,market_feed
2026-01-18,CAD,0.727865,market_feed
2026-01-18,INR,0.026919,market_feed
2026-01-19,USD,1.000000,market_feed
2026-01-19,EUR,1.093340,market_feed
2026-01-19,GBP,1.280947,market_feed
2026-01-19,CAD,0.735072,market_feed
2026-01-19,INR,0.012544,market_feed
2026-01-20,USD,1.000000,market_feed
2026-01-20,EUR,1.083720,market_feed
2026-01-20,GBP,1.252166,market_feed
2026-01-20,CAD,0.758926,market_feed
2026-01-20,INR,0.008502,market_feed
2026-01-21,USD,1.000000,market_feed
2026-01-21,EUR,1.070551,market_feed
2026-01-21,GBP,1.285506,market_feed
2026-01-21,CAD,0.734372,market_feed
2026-01-21,INR,0.000574,market_feed
2026-01-22,USD,1.000000,market_feed
2026-01-22,EUR,1.064233,market_feed
2026-01-22,GBP,1.268090,market_feed
2026-01-22,CAD,0.756008,market_feed
2026-01-22,INR,0.002977,market_feed
2026-01-23,USD,1.000000,market_feed
2026-01-23,EUR,1.065917,market_feed
2026-01-23,GBP,1.274508,market_feed
2026-01-23,CAD,0.734243,market_feed
2026-01-23,INR,0.006722,market_feed
2026-01-24,USD,1.000000,market_feed
2026-01-24,EUR,1.075938,market_feed
2026-01-24,GBP,1.283619,market_feed
2026-01-24,CAD,0.729562,market_feed
2026-01-24,INR,0.011288,market_feed
2026-01-25,USD,1.000000,market_feed
2026-01-25,EUR,1.068925,market_feed
2026-01-25,GBP,1.264688,market_feed
2026-01-25,CAD,0.720899,market_feed
2026-01-25,INR,-0.004390,market_feed
2026-01-26,USD,1.000000,market_feed
2026-01-26,EUR,1.075474,market_feed
2026-01-26,GBP,1.266133,market_feed
2026-01-26,CAD,0.756077,market_feed
2026-01-26,INR,0.002194,market_feed
2026-01-27,USD,1.000000,market_feed
2026-01-27,EUR,1.068534,market_feed
2026-01-27,GBP,1.271918,market_feed
2026-01-27,CAD,0.748311,market_feed
2026-01-27,INR,0.031228,market_feed
2026-01-28,USD,1.000000,market_feed
2026-01-28,EUR,1.071074,market_feed
2026-01-28,GBP,1.266432,market_feed
2026-01-28,CAD,0.749219,market_feed
2026-01-28,INR,0.013185,market_feed
2026-01-29,USD,1.000000,market_feed
2026-01-29,EUR,1.085040,market_feed
2026-01-29,GBP,1.280258,market_feed
2026-01-29,CAD,0.758781,market_feed
2026-01-29,INR,0.027567,market_feed
2026-01-30,USD,1.000000,market_feed
2026-01-30,EUR,1.086769,market_feed
2026-01-30,GBP,1.270019,market_feed
2026-01-30,CAD,0.746663,market_feed
2026-01-30,INR,0.010482,market_feed
2026-01-31,USD,1.000000,market_feed
2026-01-31,EUR,1.068566,market_feed
2026-01-31,GBP,1.260718,market_feed
2026-01-31,CAD,0.756405,market_feed
2026-01-31,INR,0.021853,market_feed
2026-02-01,USD,1.000000,market_feed
2026-02-01,EUR,1.096072,market_feed
2026-02-01,GBP,1.282758,market_feed
2026-02-01,CAD,0.739707,market_feed
2026-02-01,INR,0.025592,market_feed
2026-02-02,USD,1.000000,market_feed
2026-02-02,EUR,1.070924,market_feed
2026-02-02,GBP,1.259436,market_feed
2026-02-02,CAD,0.727220,market_feed
2026-02-02,INR,0.018895,market_feed
2026-02-03,USD,1.000000,market_feed
2026-02-03,EUR,1.073062,market_feed
2026-02-03,GBP,1.284623,market_feed
2026-02-03,CAD,0.729916,market_feed
2026-02-03,INR,-0.003086,market_feed
2026-02-04,USD,1.000000,market_feed
2026-02-04,EUR,1.076755,market_feed
2026-02-04,GBP,1.285592,market_feed
2026-02-04,CAD,0.723193,market_feed
2026-02-04,INR,0.017115,market_feed
2026-02-05,USD,1.000000,market_feed
2026-02-05,EUR,1.079643,market_feed
2026-02-05,GBP,1.274176,market_feed
2026-02-05,CAD,0.744737,market_feed
2026-02-05,INR,0.017863,market_feed
2026-02-06,USD,1.000000,market_feed
2026-02-06,EUR,1.084729,market_feed
2026-02-06,GBP,1.256835,market_feed
2026-02-06,CAD,0.750560,market_feed
2026-02-06,INR,0.026558,market_feed
2026-02-07,USD,1.000000,market_feed
2026-02-07,EUR,1.068645,market_feed
2026-02-07,GBP,1.267700,market_feed
2026-02-07,CAD,0.730982,market_feed
2026-02-07,INR,0.026859,market_feed
2026-02-08,USD,1.000000,market_feed
2026-02-08,EUR,1.088730,market_feed
2026-02-08,GBP,1.263596,market_feed
2026-02-08,CAD,0.748045,market_feed
2026-02-08,INR,-0.007287,market_feed
2026-02-09,USD,1.000000,market_feed
2026-02-09,EUR,1.096634,market_feed
2026-02-09,GBP,1.277090,market_feed
2026-02-09,CAD,0.735864,market_feed
2026-02-09,INR,0.015631,market_feed
2026-02-10,USD,1.000000,market_feed
2026-02-10,EUR,1.098133,market_feed
2026-02-10,GBP,1.279615,market_feed
2026-02-10,CAD,0.754343,market_feed
2026-02-10,INR,0.004890,market_feed
2026-02-11,USD,1.000000,market_feed
2026-02-11,EUR,1.091158,market_feed
2026-02-11,GBP,1.254699,market_feed
2026-02-11,CAD,0.738573,market_feed
2026-02-11,INR,0.020098,market_feed
2026-02-12,USD,1.000000,market_feed
2026-02-12,EUR,1.094111,market_feed
2026-02-12,GBP,1.252535,market_feed
2026-02-12,CAD,0.730665,market_feed
2026-02-12,INR,0.001572,market_feed
2026-02-13,USD,1.000000,market_feed
2026-02-13,EUR,1.069231,market_feed
2026-02-13,GBP,1.275722,market_feed
2026-02-13,CAD,0.750697,market_feed
2026-02-13,INR,0.021579,market_feed
2026-02-14,USD,1.000000,market_feed
2026-02-14,EUR,1.075596,market_feed
2026-02-14,GBP,1.272350,market_feed
2026-02-14,CAD,0.740626,market_feed
2026-02-14,INR,0.009372,market_feed
2026-02-15,USD,1.000000,market_feed
2026-02-15,EUR,1.074447,market_feed
2026-02-15,GBP,1.285418,market_feed
2026-02-15,CAD,0.731361,market_feed
2026-02-15,INR,0.014764,market_feed
2026-02-16,USD,1.000000,market_feed
2026-02-16,EUR,1.074812,market_feed
2026-02-16,GBP,1.268433,market_feed
2026-02-16,CAD,0.740965,market_feed
2026-02-16,INR,0.000843,market_feed
2026-02-17,USD,1.000000,market_feed
2026-02-17,EUR,1.075258,market_feed
2026-02-17,GBP,1.251714,market_feed
2026-02-17,CAD,0.752015,market_feed
2026-02-17,INR,0.028339,market_feed
2026-02-18,USD,1.000000,market_feed
2026-02-18,EUR,1.090013,market_feed
2026-02-18,GBP,1.267229,market_feed
2026-02-18,CAD,0.744016,market_feed
2026-02-18,INR,0.007415,market_feed
2026-02-19,USD,1.000000,market_feed
2026-02-19,EUR,1.099376,market_feed
2026-02-19,GBP,1.270499,market_feed
2026-02-19,CAD,0.743956,market_feed
2026-02-19,INR,0.016376,market_feed
2026-02-20,USD,1.000000,market_feed
2026-02-20,EUR,1.068885,market_feed
2026-02-20,GBP,1.282632,market_feed
2026-02-20,CAD,0.730331,market_feed
2026-02-20,INR,0.018945,market_feed
2026-02-21,USD,1.000000,market_feed
2026-02-21,EUR,1.086920,market_feed
2026-02-21,GBP,1.267437,market_feed
2026-02-21,CAD,0.725051,market_feed
2026-02-21,INR,0.016911,market_feed
2026-02-22,USD,1.000000,market_feed
2026-02-22,EUR,1.063167,market_feed
2026-02-22,GBP,1.252896,market_feed
2026-02-22,CAD,0.752500,market_feed
2026-02-22,INR,0.016513,market_feed
2026-02-23,USD,1.000000,market_feed
2026-02-23,EUR,1.064587,market_feed
2026-02-23,GBP,1.259124,market_feed
2026-02-23,CAD,0.731560,market_feed
2026-02-23,INR,0.012814,market_feed
2026-02-24,USD,1.000000,market_feed
2026-02-24,EUR,1.061545,market_feed
2026-02-24,GBP,1.276876,market_feed
2026-02-24,CAD,0.729809,market_feed
2026-02-24,INR,0.010523,market_feed
2026-02-25,USD,1.000000,market_feed
2026-02-25,EUR,1.089554,market_feed
2026-02-25,GBP,1.254006,market_feed
2026-02-25,CAD,0.751216,market_feed
2026-02-25,INR,0.010124,market_feed
2026-02-26,USD,1.000000,market_feed
2026-02-26,EUR,1.061414,market_feed
2026-02-26,GBP,1.252403,market_feed
2026-02-26,CAD,0.734403,market_feed
2026-02-26,INR,0.022873,market_feed
2026-02-27,USD,1.000000,market_feed
2026-02-27,EUR,1.079373,market_feed
2026-02-27,GBP,1.269460,market_feed
2026-02-27,CAD,0.724202,market_feed
2026-02-27,INR,0.029909,market_feed
2026-02-28,USD,1.000000,market_feed
2026-02-28,EUR,1.075652,market_feed
2026-02-28,GBP,1.277400,market_feed
2026-02-28,CAD,0.758214,market_feed
2026-02-28,INR,0.030663,market_feed
2026-03-01,USD,1.000000,market_feed
2026-03-01,EUR,1.070696,market_feed
2026-03-01,GBP,1.268500,market_feed
2026-03-01,CAD,0.755804,market_feed
2026-03-01,INR,0.005801,market_feed
2026-03-02,USD,1.000000,market_feed
2026-03-02,EUR,1.072303,market_feed
2026-03-02,GBP,1.268269,market_feed
2026-03-02,CAD,0.724025,market_feed
2026-03-02,INR,-0.001608,market_feed
2026-03-03,USD,1.000000,market_feed
2026-03-03,EUR,1.079847,market_feed
2026-03-03,GBP,1.252421,market_feed
2026-03-03,CAD,0.722578,market_feed
2026-03-03,INR,-0.001730,market_feed
2026-03-04,USD,1.000000,market_feed
2026-03-04,EUR,1.088433,market_feed
2026-03-04,GBP,1.264804,market_feed
2026-03-04,CAD,0.751042,market_feed
2026-03-04,INR,-0.003817,market_feed
2026-03-05,USD,1.000000,market_feed
2026-03-05,EUR,1.073857,market_feed
2026-03-05,GBP,1.257439,market_feed
2026-03-05,CAD,0.738388,market_feed
2026-03-05,INR,0.008761,market_feed
2026-03-06,USD,1.000000,market_feed
2026-03-06,EUR,1.079547,market_feed
2026-03-06,GBP,1.253926,market_feed
2026-03-06,CAD,0.748897,market_feed
2026-03-06,INR,-0.005673,market_feed
2026-03-07,USD,1.000000,market_feed
2026-03-07,EUR,1.065283,market_feed
2026-03-07,GBP,1.252600,market_feed
2026-03-07,CAD,0.759455,market_feed
2026-03-07,INR,0.031080,market_feed
2026-03-08,USD,1.000000,market_feed
2026-03-08,EUR,1.067885,market_feed
2026-03-08,GBP,1.261888,market_feed
2026-03-08,CAD,0.724603,market_feed
2026-03-08,INR,0.019994,market_feed
2026-03-09,USD,1.000000,market_feed
2026-03-09,EUR,1.092026,market_feed
2026-03-09,GBP,1.275507,market_feed
2026-03-09,CAD,0.738392,market_feed
2026-03-09,INR,0.012717,market_feed
2026-03-10,USD,1.000000,market_feed
2026-03-10,EUR,1.085715,market_feed
2026-03-10,GBP,1.289358,market_feed
2026-03-10,CAD,0.751628,market_feed
2026-03-10,INR,0.005536,market_feed
2026-03-11,USD,1.000000,market_feed
2026-03-11,EUR,1.091782,market_feed
2026-03-11,GBP,1.260065,market_feed
2026-03-11,CAD,0.739898,market_feed
2026-03-11,INR,-0.001916,market_feed
2026-03-12,USD,1.000000,market_feed
2026-03-12,EUR,1.072221,market_feed
2026-03-12,GBP,1.268255,market_feed
2026-03-12,CAD,0.755516,market_feed
2026-03-12,INR,0.024419,market_feed
2026-03-13,USD,1.000000,market_feed
2026-03-13,EUR,1.085483,market_feed
2026-03-13,GBP,1.261853,market_feed
2026-03-13,CAD,0.746662,market_feed
2026-03-13,INR,0.002667,market_feed
2026-03-14,USD,1.000000,market_feed
2026-03-14,EUR,1.091566,market_feed
2026-03-14,CAD,0.728390,market_feed
2026-03-14,INR,-0.007302,market_feed
2026-03-15,USD,1.000000,market_feed
2026-03-15,EUR,1.097456,market_feed
2026-03-15,GBP,1.289734,market_feed
2026-03-15,CAD,0.745363,market_feed
2026-03-15,INR,0.002325,market_feed
2026-03-16,USD,1.000000,market_feed
2026-03-16,EUR,1.060261,market_feed
2026-03-16,GBP,1.287477,market_feed
2026-03-16,CAD,0.750751,market_feed
2026-03-16,INR,0.025643,market_feed
2026-03-17,USD,1.000000,market_feed
2026-03-17,EUR,1.084349,market_feed
2026-03-17,GBP,1.261200,market_feed
2026-03-17,CAD,0.739672,market_feed
2026-03-17,INR,0.020757,market_feed
2026-03-18,USD,1.000000,market_feed
2026-03-18,EUR,1.076601,market_feed
2026-03-18,GBP,1.289770,market_feed
2026-03-18,CAD,0.731377,market_feed
2026-03-18,INR,-0.005355,market_feed
2026-03-19,USD,1.000000,market_feed
2026-03-19,EUR,1.061482,market_feed
2026-03-19,GBP,1.270150,market_feed
2026-03-19,CAD,0.745304,market_feed
2026-03-19,INR,0.030442,market_feed
2026-03-20,USD,1.000000,market_feed
2026-03-20,EUR,1.073254,market_feed
2026-03-20,GBP,1.260476,market_feed
2026-03-20,CAD,0.742702,market_feed
2026-03-20,INR,0.003281,market_feed
2026-03-21,USD,1.000000,market_feed
2026-03-21,EUR,1.077090,market_feed
2026-03-21,GBP,1.254259,market_feed
2026-03-21,CAD,0.750885,market_feed
2026-03-21,INR,-0.002379,market_feed
2026-03-22,USD,1.000000,market_feed
2026-03-22,EUR,1.077635,market_feed
2026-03-22,GBP,1.273940,market_feed
2026-03-22,CAD,0.756684,market_feed
2026-03-22,INR,0.008048,market_feed
2026-03-23,USD,1.000000,market_feed
2026-03-23,EUR,1.080935,market_feed
2026-03-23,GBP,1.283331,market_feed
2026-03-23,CAD,0.740760,market_feed
2026-03-23,INR,0.020809,market_feed
2026-03-24,USD,1.000000,market_feed
2026-03-24,EUR,1.069537,market_feed
2026-03-24,GBP,1.266293,market_feed
2026-03-24,CAD,0.743684,market_feed
2026-03-24,INR,-0.000893,market_feed
2026-03-25,USD,1.000000,market_feed
2026-03-25,EUR,1.099266,market_feed
2026-03-25,GBP,1.282151,market_feed
2026-03-25,CAD,0.753806,market_feed
2026-03-25,INR,0.025126,market_feed
2026-03-26,USD,1.000000,market_feed
2026-03-26,EUR,1.070619,market_feed
2026-03-26,GBP,1.277337,market_feed
2026-03-26,CAD,0.730053,market_feed
2026-03-26,INR,-0.007289,market_feed
2026-03-27,USD,1.000000,market_feed
2026-03-27,EUR,1.095513,market_feed
2026-03-27,GBP,1.253430,market_feed
2026-03-27,CAD,0.751661,market_feed
2026-03-27,INR,0.028950,market_feed
2026-03-28,USD,1.000000,market_feed
2026-03-28,EUR,1.071370,market_feed
2026-03-28,GBP,1.263099,market_feed
2026-03-28,CAD,0.754866,market_feed
2026-03-28,INR,0.000157,market_feed
2026-03-29,USD,1.000000,market_feed
2026-03-29,EUR,1.090521,market_feed
2026-03-29,GBP,1.287148,market_feed
2026-03-29,CAD,0.736028,market_feed
2026-03-29,INR,0.012576,market_feed
2026-03-30,USD,1.000000,market_feed
2026-03-30,EUR,1.088958,market_feed
2026-03-30,GBP,1.271344,market_feed
2026-03-30,CAD,0.733839,market_feed
2026-03-30,INR,-0.003213,market_feed
2026-03-31,USD,1.000000,market_feed
2026-03-31,EUR,1.094303,market_feed
2026-03-31,GBP,1.250511,market_feed
2026-03-31,CAD,0.759580,market_feed
2026-03-31,INR,0.016015,market_feed
2026-04-01,USD,1.000000,market_feed
2026-04-01,EUR,1.074080,market_feed
2026-04-01,GBP,1.288764,market_feed
2026-04-01,CAD,0.745820,market_feed
2026-04-01,INR,0.024564,market_feed
2026-04-02,USD,1.000000,market_feed
2026-04-02,EUR,1.066651,market_feed
2026-04-02,GBP,1.254198,market_feed
2026-04-02,CAD,0.728045,market_feed
2026-04-02,INR,0.031609,market_feed
2026-04-03,USD,1.000000,market_feed
2026-04-03,EUR,1.066020,market_feed
2026-04-03,GBP,1.274101,market_feed
2026-04-03,CAD,0.747378,market_feed
2026-04-03,INR,0.006602,market_feed
2026-04-04,USD,1.000000,market_feed
2026-04-04,EUR,1.072096,market_feed
2026-04-04,GBP,1.259781,market_feed
2026-04-04,CAD,0.746049,market_feed
2026-04-04,INR,0.010629,market_feed
2026-04-05,USD,1.000000,market_feed
2026-04-05,EUR,1.094746,market_feed
2026-04-05,GBP,1.274323,market_feed
2026-04-05,CAD,0.737441,market_feed
2026-04-05,INR,0.004706,market_feed
2026-04-06,USD,1.000000,market_feed
2026-04-06,EUR,1.087399,market_feed
2026-04-06,GBP,1.259505,market_feed
2026-04-06,CAD,0.741187,market_feed
2026-04-06,INR,0.006925,market_feed
2026-04-07,USD,1.000000,market_feed
2026-04-07,EUR,1.082350,market_feed
2026-04-07,GBP,1.275567,market_feed
2026-04-07,CAD,0.752277,market_feed
2026-04-07,INR,0.028371,market_feed
2026-04-08,USD,1.000000,market_feed
2026-04-08,EUR,1.064234,market_feed
2026-04-08,GBP,1.264436,market_feed
2026-04-08,CAD,0.747424,market_feed
2026-04-08,INR,0.019133,market_feed
2026-04-09,USD,1.000000,market_feed
2026-04-09,EUR,1.077880,market_feed
2026-04-09,GBP,1.286298,market_feed
2026-04-09,CAD,0.722007,market_feed
2026-04-09,INR,0.011155,market_feed
2026-04-10,USD,1.000000,market_feed
2026-04-10,EUR,1.084724,market_feed
2026-04-10,GBP,1.260196,market_feed
2026-04-10,CAD,0.735591,market_feed
2026-04-10,INR,0.003303,market_feed
2026-04-11,USD,1.000000,market_feed
2026-04-11,EUR,1.076314,market_feed
2026-04-11,GBP,1.289566,market_feed
2026-04-11,CAD,0.755304,market_feed
2026-04-11,INR,-0.006279,market_feed
2026-04-12,USD,1.000000,market_feed
2026-04-12,EUR,1.090906,market_feed
2026-04-12,GBP,1.282129,market_feed
2026-04-12,CAD,0.725788,market_feed
2026-04-12,INR,0.029255,market_feed
2026-04-13,USD,1.000000,market_feed
2026-04-13,EUR,1.061995,market_feed
2026-04-13,GBP,1.286662,market_feed
2026-04-13,CAD,0.750107,market_feed
2026-04-13,INR,-0.004639,market_feed
2026-04-14,USD,1.000000,market_feed
2026-04-14,EUR,1.073146,market_feed
2026-04-14,GBP,1.288105,market_feed
2026-04-14,CAD,0.728256,market_feed
2026-04-14,INR,0.003595,market_feed
2026-04-15,USD,1.000000,market_feed
2026-04-15,EUR,1.068467,market_feed
2026-04-15,GBP,1.286566,market_feed
2026-04-15,CAD,0.739843,market_feed
2026-04-15,INR,-0.000219,market_feed
2026-04-16,USD,1.000000,market_feed
2026-04-16,EUR,1.065513,market_feed
2026-04-16,GBP,1.262219,market_feed
2026-04-16,CAD,0.740004,market_feed
2026-04-16,INR,0.017957,market_feed
2026-04-17,USD,1.000000,market_feed
2026-04-17,EUR,1.061426,market_feed
2026-04-17,GBP,1.278699,market_feed
2026-04-17,CAD,0.737824,market_feed
2026-04-17,INR,0.020133,market_feed
2026-04-18,USD,1.000000,market_feed
2026-04-18,EUR,1.062069,market_feed
2026-04-18,GBP,1.253582,market_feed
2026-04-18,CAD,0.739789,market_feed
2026-04-18,INR,-0.000199,market_feed
2026-04-19,USD,1.000000,market_feed
2026-04-19,EUR,1.097385,market_feed
2026-04-19,GBP,1.256048,market_feed
2026-04-19,CAD,0.745682,market_feed
2026-04-19,INR,0.028312,market_feed
2026-04-20,USD,1.000000,market_feed
2026-04-20,EUR,1.060956,market_feed
2026-04-20,GBP,1.268935,market_feed
2026-04-20,CAD,0.726933,market_feed
2026-04-20,INR,-0.005310,market_feed
2026-04-21,USD,1.000000,market_feed
2026-04-21,EUR,1.088507,market_feed
2026-04-21,GBP,1.277269,market_feed
2026-04-21,CAD,0.743241,market_feed
2026-04-21,INR,0.028538,market_feed
2026-04-22,USD,1.000000,market_feed
2026-04-22,EUR,1.068384,market_feed
2026-04-22,GBP,1.258915,market_feed
2026-04-22,CAD,0.752670,market_feed
2026-04-22,INR,0.029474,market_feed
2026-04-23,USD,1.000000,market_feed
2026-04-23,EUR,1.089121,market_feed
2026-04-23,GBP,1.285408,market_feed
2026-04-23,CAD,0.749992,market_feed
2026-04-23,INR,0.020363,market_feed
2026-04-24,USD,1.000000,market_feed
2026-04-24,EUR,1.087968,market_feed
2026-04-24,GBP,1.280444,market_feed
2026-04-24,CAD,0.740981,market_feed
2026-04-24,INR,-0.000320,market_feed
2026-04-25,USD,1.000000,market_feed
2026-04-25,EUR,1.099951,market_feed
2026-04-25,GBP,1.261205,market_feed
2026-04-25,CAD,0.753236,market_feed
2026-04-25,INR,0.005041,market_feed
2026-04-26,USD,1.000000,market_feed
2026-04-26,EUR,1.078539,market_feed
2026-04-26,GBP,1.277535,market_feed
2026-04-26,CAD,0.738732,market_feed
2026-04-26,INR,0.016401,market_feed
2026-04-27,USD,1.000000,market_feed
2026-04-27,EUR,1.061309,market_feed
2026-04-27,GBP,1.276983,market_feed
2026-04-27,CAD,0.745430,market_feed
2026-04-27,INR,0.016319,market_feed
2026-04-28,USD,1.000000,market_feed
2026-04-28,EUR,1.064104,market_feed
2026-04-28,GBP,1.271352,market_feed
2026-04-28,CAD,0.751077,market_feed
2026-04-28,INR,0.010739,market_feed
2026-04-29,USD,1.000000,market_feed
2026-04-29,EUR,1.069089,market_feed
2026-04-29,GBP,1.285189,market_feed
2026-04-29,CAD,0.743862,market_feed
2026-04-29,INR,-0.007974,market_feed
2026-04-30,USD,1.000000,market_feed
2026-04-30,EUR,1.064529,market_feed
2026-04-30,GBP,1.284872,market_feed
2026-04-30,CAD,0.745235,market_feed
2026-04-30,INR,0.017475,market_feed
2026-05-01,USD,1.000000,market_feed
2026-05-01,EUR,1.069032,market_feed
2026-05-01,GBP,1.281239,market_feed
2026-05-01,CAD,0.754480,market_feed
2026-05-01,INR,0.029570,market_feed
2026-05-02,USD,1.000000,market_feed
2026-05-02,EUR,1.087185,market_feed
2026-05-02,GBP,1.285710,market_feed
2026-05-02,CAD,0.756663,market_feed
2026-05-02,INR,-0.003193,market_feed
2026-05-03,USD,1.000000,market_feed
2026-05-03,EUR,1.065073,market_feed
2026-05-03,GBP,1.266553,market_feed
2026-05-03,CAD,0.732245,market_feed
2026-05-03,INR,-0.006966,market_feed
2026-05-04,USD,1.000000,market_feed
2026-05-04,EUR,1.080843,market_feed
2026-05-04,GBP,1.278188,market_feed
2026-05-04,CAD,0.731943,market_feed
2026-05-04,INR,0.017204,market_feed
2026-05-05,USD,1.000000,market_feed
2026-05-05,EUR,1.060440,market_feed
2026-05-05,GBP,1.279483,market_feed
2026-05-05,CAD,0.737001,market_feed
2026-05-05,INR,0.014419,market_feed
2026-05-06,USD,1.000000,market_feed
2026-05-06,EUR,1.072789,market_feed
2026-05-06,GBP,1.266956,market_feed
2026-05-06,CAD,0.725249,market_feed
2026-05-06,INR,0.031191,market_feed
2026-05-07,USD,1.000000,market_feed
2026-05-07,EUR,1.061418,market_feed
2026-05-07,GBP,1.267215,market_feed
2026-05-07,CAD,0.736121,market_feed
2026-05-07,INR,0.029644,market_feed
2026-05-08,USD,1.000000,market_feed
2026-05-08,EUR,1.093510,market_feed
2026-05-08,GBP,1.281845,market_feed
2026-05-08,CAD,0.727915,market_feed
2026-05-08,INR,0.000674,market_feed
2026-05-09,USD,1.000000,market_feed
2026-05-09,EUR,1.086504,market_feed
2026-05-09,GBP,1.280458,market_feed
2026-05-09,CAD,0.733582,market_feed
2026-05-09,INR,0.017841,market_feed
2026-05-10,USD,1.000000,market_feed
2026-05-10,EUR,1.090507,market_feed
2026-05-10,GBP,1.278634,market_feed
2026-05-10,CAD,0.742415,market_feed
2026-05-10,INR,0.014010,market_feed
2026-05-11,USD,1.000000,market_feed
2026-05-11,EUR,1.096282,market_feed
2026-05-11,GBP,1.252299,market_feed
2026-05-11,CAD,0.737295,market_feed
2026-05-11,INR,0.021854,market_feed
2026-05-12,USD,1.000000,market_feed
2026-05-12,EUR,1.069137,market_feed
2026-05-12,GBP,1.272036,market_feed
2026-05-12,CAD,0.747019,market_feed
2026-05-12,INR,0.028756,market_feed
2026-05-13,USD,1.000000,market_feed
2026-05-13,EUR,1.064621,market_feed
2026-05-13,GBP,1.289694,market_feed
2026-05-13,CAD,0.730038,market_feed
2026-05-13,INR,-0.004336,market_feed
2026-05-14,USD,1.000000,market_feed
2026-05-14,EUR,1.083926,market_feed
2026-05-14,GBP,1.271807,market_feed
2026-05-14,CAD,0.739739,market_feed
2026-05-14,INR,0.002015,market_feed
2026-05-15,USD,1.000000,market_feed
2026-05-15,EUR,1.067527,market_feed
2026-05-15,GBP,1.274445,market_feed
2026-05-15,CAD,0.720774,market_feed
2026-05-15,INR,0.000160,market_feed
2026-05-16,USD,1.000000,market_feed
2026-05-16,EUR,1.083834,market_feed
2026-05-16,GBP,1.267082,market_feed
2026-05-16,CAD,0.724498,market_feed
2026-05-16,INR,0.027788,market_feed
2026-05-17,USD,1.000000,market_feed
2026-05-17,EUR,1.069282,market_feed
2026-05-17,GBP,1.278511,market_feed
2026-05-17,CAD,0.720697,market_feed
2026-05-17,INR,0.003824,market_feed
2026-05-18,USD,1.000000,market_feed
2026-05-18,EUR,1.094317,market_feed
2026-05-18,GBP,1.251979,market_feed
2026-05-18,CAD,0.737457,market_feed
2026-05-18,INR,0.025987,market_feed
2026-05-19,USD,1.000000,market_feed
2026-05-19,EUR,1.074081,market_feed
2026-05-19,GBP,1.256343,market_feed
2026-05-19,CAD,0.723350,market_feed
2026-05-19,INR,0.001223,market_feed
2026-05-20,USD,1.000000,market_feed
2026-05-20,EUR,1.062208,market_feed
2026-05-20,GBP,1.286908,market_feed
2026-05-20,CAD,0.747854,market_feed
2026-05-20,INR,0.009553,market_feed
2026-05-21,USD,1.000000,market_feed
2026-05-21,EUR,1.063479,market_feed
2026-05-21,GBP,1.272662,market_feed
2026-05-21,CAD,0.731694,market_feed
2026-05-21,INR,0.007582,market_feed
2026-05-22,USD,1.000000,market_feed
2026-05-22,EUR,1.060682,market_feed
2026-05-22,GBP,1.269009,market_feed
2026-05-22,CAD,0.720689,market_feed
2026-05-22,INR,-0.005255,market_feed
2026-05-23,USD,1.000000,market_feed
2026-05-23,EUR,1.088228,market_feed
2026-05-23,GBP,1.259311,market_feed
2026-05-23,CAD,0.722855,market_feed
2026-05-23,INR,0.009410,market_feed
2026-05-24,USD,1.000000,market_feed
2026-05-24,EUR,1.081042,market_feed
2026-05-24,GBP,1.256144,market_feed
2026-05-24,CAD,0.734932,market_feed
2026-05-24,INR,-0.006431,market_feed
2026-05-25,USD,1.000000,market_feed
2026-05-25,EUR,1.060213,market_feed
2026-05-25,GBP,1.255773,market_feed
2026-05-25,CAD,0.748738,market_feed
2026-05-25,INR,0.013973,market_feed
2026-05-26,USD,1.000000,market_feed
2026-05-26,EUR,1.081281,market_feed
2026-05-26,GBP,1.251147,market_feed
2026-05-26,CAD,0.733564,market_feed
2026-05-26,INR,0.003122,market_feed
2026-05-27,USD,1.000000,market_feed
2026-05-27,EUR,1.093192,market_feed
2026-05-27,GBP,1.259941,market_feed
2026-05-27,CAD,0.721573,market_feed
2026-05-27,INR,-0.006030,market_feed
2026-05-28,USD,1.000000,market_feed
2026-05-28,EUR,1.067467,market_feed
2026-05-28,GBP,1.272959,market_feed
2026-05-28,CAD,0.728155,market_feed
2026-05-28,INR,0.024697,market_feed
2026-05-29,USD,1.000000,market_feed
2026-05-29,EUR,1.096275,market_feed
2026-05-29,GBP,1.260969,market_feed
2026-05-29,CAD,0.729780,market_feed
2026-05-29,INR,0.028846,market_feed
2026-05-30,USD,1.000000,market_feed
2026-05-30,EUR,1.091057,market_feed
2026-05-30,GBP,1.270452,market_feed
2026-05-30,CAD,0.732076,market_feed
2026-05-30,INR,-0.001425,market_feed
2026-05-31,USD,1.000000,market_feed
2026-05-31,EUR,1.088272,market_feed
2026-05-31,GBP,1.274108,market_feed
2026-05-31,CAD,0.758364,market_feed
2026-05-31,INR,0.021888,market_feed
2026-06-01,USD,1.000000,market_feed
2026-06-01,EUR,1.099043,market_feed
2026-06-01,GBP,1.267368,market_feed
2026-06-01,CAD,0.725799,market_feed
2026-06-01,INR,0.007649,market_feed
2026-06-02,USD,1.000000,market_feed
2026-06-02,EUR,1.085660,market_feed
2026-06-02,GBP,1.262158,market_feed
2026-06-02,CAD,0.728308,market_feed
2026-06-02,INR,0.006202,market_feed
